{"mean_abs._deviation": 3.880890057265836, "absolute_time_deviation": 1267630.6429649692, "error_distribution": {"Perzentile: ": [1, 5, 10, 15, 25, 50, 75, 85, 90, 95, 99], "Values: ": [-17.17082870784519, -9.384909090909089, -6.3790921910133775, -4.697347959483881, -2.4752066115702487, 0.7308643338794099, 3.2634166473915034, 4.599641124803355, 5.420480404551203, 6.797026652287784, 10.49809615384606]}, "training_time": 22.449798822402954}